{"version": {"json_export": "187", "page_segmentation": "5", "schema": "1.1.0", "structure": "1.1036.0", "table_structure": "5"}, "extended_metadata": {"ID_instance": "5B 32 1C 59 50 B7 B2 11 0A 00 67 45 8B 6B C6 23 ", "ID_permanent": "46 30 20 46 41 20 31 38 20 35 39 20 35 30 20 42 37 20 42 32 20 31 31 20 30 41 20 30 30 20 36 37 20 34 35 20 38 42 20 36 42 20 43 36 20 32 33 20 ", "pdf_version": "1.6", "pdfa_compliance_level": "", "is_encrypted": false, "has_acroform": false, "is_digitally_signed": false, "pdfua_compliance_level": "", "page_count": 2, "has_embedded_files": false, "is_certified": false, "is_XFA": false, "language": "en-US"}, "elements": [{"Bounds": [76.72799682617188, 734.4232025146484, 171.43968200683594, 743.8782348632812], "ClipBounds": [76.72799682617188, 734.4232025146484, 171.43968200683594, 743.8782348632812], "Font": {"alt_family_name": "Arial", "embedded": true, "encoding": "WinAnsiEncoding", "family_name": "Arial", "font_type": "TrueType", "italic": false, "monospaced": false, "name": "ILWCMD+Arial-BoldMT", "subset": true, "weight": 700}, "HasClip": true, "Lang": "en", "Page": 0, "Path": "//Document/Sect/P", "Text": "NearBy Electronics ", "TextSize": 10.080001831054688}, {"Bounds": [76.72799682617188, 721.1031951904297, 214.52447509765625, 730.5582427978516], "ClipBounds": [76.72799682617188, 721.1031951904297, 214.52447509765625, 730.5582427978516], "Font": {"alt_family_name": "Arial", "embedded": true, "encoding": "WinAnsiEncoding", "family_name": "Arial MT", "font_type": "TrueType", "italic": false, "monospaced": false, "name": "SIUFWJ+ArialMT", "subset": true, "weight": 400}, "HasClip": true, "Page": 0, "Path": "//Document/Sect/P[2]/Sub", "Text": "3741 Glory Road, Jamestown, ", "TextSize": 10.080001831054688, "attributes": {"Placement": "Block"}}, {"Bounds": [76.72799682617188, 708.1132049560547, 155.30166625976562, 717.5682373046875], "ClipBounds": [76.72799682617188, 708.1132049560547, 155.30166625976562, 717.5682373046875], "Font": {"alt_family_name": "Arial", "embedded": true, "encoding": "WinAnsiEncoding", "family_name": "Arial MT", "font_type": "TrueType", "italic": false, "monospaced": false, "name": "SIUFWJ+ArialMT", "subset": true, "weight": 400}, "HasClip": true, "Page": 0, "Path": "//Document/Sect/P[2]/Sub[2]", "Text": "Tennessee, USA ", "TextSize": 10.080001831054688, "attributes": {"Placement": "Block"}}, {"Bounds": [76.72799682617188, 694.7931976318359, 107.43167114257812, 704.2482452392578], "ClipBounds": [76.72799682617188, 694.7931976318359, 107.43167114257812, 704.2482452392578], "Font": {"alt_family_name": "Arial", "embedded": true, "encoding": "WinAnsiEncoding", "family_name": "Arial MT", "font_type": "TrueType", "italic": false, "monospaced": false, "name": "SIUFWJ+ArialMT", "subset": true, "weight": 400}, "HasClip": true, "Page": 0, "Path": "//Document/Sect/P[2]/Sub[3]", "Text": "38556 ", "TextSize": 10.080001831054688, "attributes": {"Placement": "Block"}}, {"Bounds": [361.6600036621094, 721.1031951904297, 543.127197265625, 730.5582427978516], "ClipBounds": [361.6600036621094, 721.1031951904297, 543.127197265625, 730.5582427978516], "Font": {"alt_family_name": "Arial", "embedded": true, "encoding": "WinAnsiEncoding", "family_name": "Arial", "font_type": "TrueType", "italic": false, "monospaced": false, "name": "ILWCMD+Arial-BoldMT", "subset": true, "weight": 700}, "HasClip": true, "Page": 0, "Path": "//Document/Sect/P[3]/Sub", "Text": "Invoice# CZ3912976277760755673015 ", "TextSize": 10.080001831054688, "attributes": {"Placement": "Block"}}, {"Bounds": [491.3300018310547, 708.1132049560547, 543.2117614746094, 717.5682373046875], "ClipBounds": [491.3300018310547, 708.1132049560547, 543.2117614746094, 717.5682373046875], "Font": {"alt_family_name": "Arial", "embedded": true, "encoding": "WinAnsiEncoding", "family_name": "Arial", "font_type": "TrueType", "italic": false, "monospaced": false, "name": "ILWCMD+Arial-BoldMT", "subset": true, "weight": 700}, "HasClip": true, "Page": 0, "Path": "//Document/Sect/P[3]/Sub[2]", "Text": "Issue date ", "TextSize": 10.080001831054688, "attributes": {"Placement": "Block"}}, {"Bounds": [489.1699981689453, 694.7931976318359, 543.3080749511719, 704.2482452392578], "ClipBounds": [489.1699981689453, 694.7931976318359, 543.3080749511719, 704.2482452392578], "Font": {"alt_family_name": "Arial", "embedded": true, "encoding": "WinAnsiEncoding", "family_name": "Arial MT", "font_type": "TrueType", "italic": false, "monospaced": false, "name": "SIUFWJ+ArialMT", "subset": true, "weight": 400}, "HasClip": true, "Page": 0, "Path": "//Document/Sect/P[3]/Sub[3]", "Text": "12-05-2023 ", "TextSize": 10.080001831054688, "attributes": {"Placement": "Block"}}, {"Bounds": [76.72799682617188, 649.9085540771484, 295.7052459716797, 673.2309875488281], "ClipBounds": [76.72799682617188, 649.9085540771484, 295.7052459716797, 673.2309875488281], "Font": {"alt_family_name": "Arial", "embedded": true, "encoding": "WinAnsiEncoding", "family_name": "Arial MT", "font_type": "TrueType", "italic": false, "monospaced": false, "name": "SIUFWJ+ArialMT", "subset": true, "weight": 400}, "HasClip": true, "Lang": "en", "Page": 0, "Path": "//Document/Sect/Title", "Text": "NearBy Electronics ", "TextSize": 24.863998413085938, "attributes": {"LineHeight": 29.875, "SpaceAfter": 7}}, {"Bounds": [76.72799682617188, 633.9331970214844, 460.8868713378906, 643.3882446289062], "ClipBounds": [76.72799682617188, 633.9331970214844, 460.8868713378906, 643.3882446289062], "Font": {"alt_family_name": "Arial", "embedded": true, "encoding": "WinAnsiEncoding", "family_name": "Arial MT", "font_type": "TrueType", "italic": false, "monospaced": false, "name": "SIUFWJ+ArialMT", "subset": true, "weight": 400}, "HasClip": true, "Lang": "en", "Page": 0, "Path": "//Document/Sect/P[4]", "Text": "We are here to serve you better. Reach out to us in case of any concern or feedbacks. ", "TextSize": 10.080001831054688, "attributes": {"SpaceAfter": 18}}, {"Bounds": [81.04800415039062, 580.9832000732422, 122.99087524414062, 590.438232421875], "ClipBounds": [81.04800415039062, 580.9832000732422, 122.99087524414062, 590.438232421875], "Font": {"alt_family_name": "Arial", "embedded": true, "encoding": "WinAnsiEncoding", "family_name": "Arial", "font_type": "TrueType", "italic": false, "monospaced": false, "name": "ILWCMD+Arial-BoldMT", "subset": true, "weight": 700}, "HasClip": true, "Lang": "en", "Page": 0, "Path": "//Document/Sect[2]/H1", "Text": "BILL TO ", "TextSize": 10.080001831054688}, {"Bounds": [81.04800415039062, 567.6631927490234, 136.81048583984375, 577.1182403564453], "ClipBounds": [81.04800415039062, 567.6631927490234, 136.81048583984375, 577.1182403564453], "Font": {"alt_family_name": "Arial", "embedded": true, "encoding": "WinAnsiEncoding", "family_name": "Arial MT", "font_type": "TrueType", "italic": false, "monospaced": false, "name": "SIUFWJ+ArialMT", "subset": true, "weight": 400}, "HasClip": true, "Page": 0, "Path": "//Document/Sect[2]/P/Sub", "Text": "Terri Ernser ", "TextSize": 10.080001831054688, "attributes": {"Placement": "Block"}}, {"Bounds": [81.04800415039062, 554.6831970214844, 195.8188018798828, 564.1382446289062], "ClipBounds": [81.04800415039062, 554.6831970214844, 195.8188018798828, 564.1382446289062], "Font": {"alt_family_name": "Arial", "embedded": true, "encoding": "WinAnsiEncoding", "family_name": "Arial MT", "font_type": "TrueType", "italic": false, "monospaced": false, "name": "SIUFWJ+ArialMT", "subset": true, "weight": 400}, "HasClip": true, "Page": 0, "Path": "//Document/Sect[2]/P/Sub[2]", "Text": "Terri.Ernser@yahoo.com ", "TextSize": 10.080001831054688, "attributes": {"Placement": "Block"}}, {"Bounds": [81.04800415039062, 541.3632049560547, 146.34808349609375, 550.8182373046875], "ClipBounds": [81.04800415039062, 541.3632049560547, 146.34808349609375, 550.8182373046875], "Font": {"alt_family_name": "Arial", "embedded": true, "encoding": "WinAnsiEncoding", "family_name": "Arial MT", "font_type": "TrueType", "italic": false, "monospaced": false, "name": "SIUFWJ+ArialMT", "subset": true, "weight": 400}, "HasClip": true, "Page": 0, "Path": "//Document/Sect[2]/P/Sub[3]", "Text": "415-897-1517 ", "TextSize": 10.080001831054688, "attributes": {"Placement": "Block"}}, {"Bounds": [81.04800415039062, 528.0431976318359, 159.7123260498047, 537.4982452392578], "ClipBounds": [81.04800415039062, 528.0431976318359, 159.7123260498047, 537.4982452392578], "Font": {"alt_family_name": "Arial", "embedded": true, "encoding": "WinAnsiEncoding", "family_name": "Arial MT", "font_type": "TrueType", "italic": false, "monospaced": false, "name": "SIUFWJ+ArialMT", "subset": true, "weight": 400}, "HasClip": true, "Page": 0, "Path": "//Document/Sect[2]/P/Sub[4]", "Text": "231 Jayne Fields ", "TextSize": 10.080001831054688, "attributes": {"Placement": "Block"}}, {"Bounds": [81.04800415039062, 514.7232055664062, 121.09584045410156, 524.1782379150391], "ClipBounds": [81.04800415039062, 514.7232055664062, 121.09584045410156, 524.1782379150391], "Font": {"alt_family_name": "Arial", "embedded": true, "encoding": "WinAnsiEncoding", "family_name": "Arial MT", "font_type": "TrueType", "italic": false, "monospaced": false, "name": "SIUFWJ+ArialMT", "subset": true, "weight": 400}, "HasClip": true, "Page": 0, "Path": "//Document/Sect[2]/P/Sub[5]", "Text": "Mwanza ", "TextSize": 10.080001831054688, "attributes": {"Placement": "Block"}}, {"Bounds": [240.25999450683594, 580.9832000732422, 286.1240692138672, 590.438232421875], "ClipBounds": [240.25999450683594, 580.9832000732422, 286.1240692138672, 590.438232421875], "Font": {"alt_family_name": "Arial", "embedded": true, "encoding": "WinAnsiEncoding", "family_name": "Arial", "font_type": "TrueType", "italic": false, "monospaced": false, "name": "ILWCMD+Arial-BoldMT", "subset": true, "weight": 700}, "HasClip": true, "Lang": "en", "Page": 0, "Path": "//Document/Sect[3]/H1", "Text": "DETAILS ", "TextSize": 10.080001831054688}, {"Bounds": [240.25999450683594, 541.3632049560547, 347.4607238769531, 577.1182403564453], "ClipBounds": [240.25999450683594, 541.3632049560547, 347.4607238769531, 577.1182403564453], "Font": {"alt_family_name": "Arial", "embedded": true, "encoding": "WinAnsiEncoding", "family_name": "Arial MT", "font_type": "TrueType", "italic": false, "monospaced": false, "name": "SIUFWJ+ArialMT", "subset": true, "weight": 400}, "HasClip": true, "Lang": "it", "Page": 0, "Path": "//Document/Sect[3]/P", "Text": "mollit ea ad nostrud ex magna occaecat Lorem exercitation non officia ", "TextSize": 10.080001831054688}, {"Bounds": [412.8000030517578, 580.9832000732422, 464.58103942871094, 590.438232421875], "ClipBounds": [412.8000030517578, 580.9832000732422, 464.58103942871094, 590.438232421875], "Font": {"alt_family_name": "Arial", "embedded": true, "encoding": "WinAnsiEncoding", "family_name": "Arial", "font_type": "TrueType", "italic": false, "monospaced": false, "name": "ILWCMD+Arial-BoldMT", "subset": true, "weight": 700}, "HasClip": true, "Lang": "en", "Page": 0, "Path": "//Document/Sect[4]/H1", "Text": "PAYMENT ", "TextSize": 10.080001831054688}, {"Bounds": [412.8000030517578, 567.6631927490234, 513.0480804443359, 577.1182403564453], "ClipBounds": [412.8000030517578, 567.6631927490234, 513.0480804443359, 577.1182403564453], "Font": {"alt_family_name": "Arial", "embedded": true, "encoding": "WinAnsiEncoding", "family_name": "Arial MT", "font_type": "TrueType", "italic": false, "monospaced": false, "name": "SIUFWJ+ArialMT", "subset": true, "weight": 400}, "HasClip": true, "Lang": "en", "Page": 0, "Path": "//Document/Sect[4]/P", "Text": "Due date: 03-07-2023 ", "TextSize": 10.080001831054688, "attributes": {"SpaceAfter": 18}}, {"Bounds": [410.63999938964844, 535.3764038085938, 459.87107849121094, 545.844482421875], "ClipBounds": [410.63999938964844, 535.3764038085938, 459.87107849121094, 545.844482421875], "Font": {"alt_family_name": "Arial", "embedded": true, "encoding": "WinAnsiEncoding", "family_name": "Arial", "font_type": "TrueType", "italic": false, "monospaced": false, "name": "ILWCMD+Arial-BoldMT", "subset": true, "weight": 700}, "HasClip": true, "Lang": "en", "Page": 0, "Path": "//Document/Sect[4]/Aside/P", "Text": "$48953.3 ", "TextSize": 11.160003662109375, "attributes": {"SpaceAfter": 18}}, {"Bounds": [77.447998046875, 443.033203125, 530.1510314941406, 452.4882354736328], "ClipBounds": [77.447998046875, 443.033203125, 530.1510314941406, 452.4882354736328], "Page": 0, "Path": "//Document/Sect[4]/Table", "attributes": {"BBox": [71.5170999999973, 428.17499999998836, 540.9379999999946, 460.93299999999], "NumCol": 4, "Placement": "Block", "SpaceAfter": 18}, "filePaths": ["tables/fileoutpart0.csv", "tables/fileoutpart1.png"]}, {"Bounds": [77.447998046875, 443.033203125, 104.47239685058594, 452.4882354736328], "ClipBounds": [77.447998046875, 443.033203125, 104.47239685058594, 452.4882354736328], "Page": 0, "Path": "//Document/Sect[4]/Table/TR/TD", "attributes": {"BBox": [71.5170999999973, 427.5749999999971, 358.78499999998894, 460.93299999999], "BlockAlign": "Middle", "BorderColor": [0, 0, 0], "BorderStyle": ["Solid", "Double", "Solid", "Solid"], "BorderThickness": [0.625, 0.625, 0.5, 0.25], "ColIndex": 0, "Height": 33.375, "InlineAlign": "Start", "RowIndex": 0, "Width": 287.25}}, {"Bounds": [77.447998046875, 443.033203125, 104.47239685058594, 452.4882354736328], "ClipBounds": [77.447998046875, 443.033203125, 104.47239685058594, 452.4882354736328], "Font": {"alt_family_name": "Arial", "embedded": true, "encoding": "WinAnsiEncoding", "family_name": "Arial", "font_type": "TrueType", "italic": false, "monospaced": false, "name": "ILWCMD+Arial-BoldMT", "subset": true, "weight": 700}, "HasClip": true, "Lang": "en", "Page": 0, "Path": "//Document/Sect[4]/Table/TR/TD/P", "Text": "ITEM ", "TextSize": 10.080001831054688, "attributes": {"LineHeight": 12.125}}, {"Bounds": [363.1000061035156, 443.033203125, 386.6570281982422, 452.4882354736328], "ClipBounds": [363.1000061035156, 443.033203125, 386.6570281982422, 452.4882354736328], "Page": 0, "Path": "//Document/Sect[4]/Table/TR/TD[2]", "attributes": {"BBox": [358.304999999993, 427.5749999999971, 415.6629999999859, 460.93299999999], "BlockAlign": "Middle", "BorderColor": [0, 0, 0], "BorderStyle": ["Solid", "Double", "Solid", "Solid"], "BorderThickness": [0.625, 0.625, 0.25, 0.25], "ColIndex": 1, "Height": 33.375, "InlineAlign": "Start", "RowIndex": 0, "Width": 57.375}}, {"Bounds": [363.1000061035156, 443.033203125, 386.6570281982422, 452.4882354736328], "ClipBounds": [363.1000061035156, 443.033203125, 386.6570281982422, 452.4882354736328], "Font": {"alt_family_name": "Arial", "embedded": true, "encoding": "WinAnsiEncoding", "family_name": "Arial", "font_type": "TrueType", "italic": false, "monospaced": false, "name": "ILWCMD+Arial-BoldMT", "subset": true, "weight": 700}, "HasClip": true, "Lang": "en", "Page": 0, "Path": "//Document/Sect[4]/Table/TR/TD[2]/P", "Text": "QTY ", "TextSize": 10.080001831054688, "attributes": {"LineHeight": 12.125}}, {"Bounds": [420.3800048828125, 443.033203125, 450.7712707519531, 452.4882354736328], "ClipBounds": [420.3800048828125, 443.033203125, 450.7712707519531, 452.4882354736328], "Page": 0, "Path": "//Document/Sect[4]/Table/TR/TD[3]", "attributes": {"BBox": [415.18299999999, 427.5749999999971, 481.8999999999942, 460.93299999999], "BlockAlign": "Middle", "BorderColor": [0, 0, 0], "BorderStyle": ["Solid", "Double", "Solid", "Solid"], "BorderThickness": [0.625, 0.625, 0.25, 0.25], "ColIndex": 2, "Height": 33.375, "InlineAlign": "Start", "RowIndex": 0, "Width": 66.75}}, {"Bounds": [420.3800048828125, 443.033203125, 450.7712707519531, 452.4882354736328], "ClipBounds": [420.3800048828125, 443.033203125, 450.7712707519531, 452.4882354736328], "Font": {"alt_family_name": "Arial", "embedded": true, "encoding": "WinAnsiEncoding", "family_name": "Arial", "font_type": "TrueType", "italic": false, "monospaced": false, "name": "ILWCMD+Arial-BoldMT", "subset": true, "weight": 700}, "HasClip": true, "Lang": "en", "Page": 0, "Path": "//Document/Sect[4]/Table/TR/TD[3]/P", "Text": "RATE ", "TextSize": 10.080001831054688, "attributes": {"LineHeight": 12.125}}, {"Bounds": [483.4100036621094, 443.033203125, 530.1510314941406, 452.4882354736328], "ClipBounds": [483.4100036621094, 443.033203125, 530.1510314941406, 452.4882354736328], "Page": 0, "Path": "//Document/Sect[4]/Table/TR/TD[4]", "attributes": {"BBox": [481.41999999999825, 427.5749999999971, 541.417999999976, 460.93299999999], "BlockAlign": "Middle", "BorderColor": [0, 0, 0], "BorderStyle": ["Solid", "Double", "Solid", "Solid"], "BorderThickness": [0.625, 0.625, 0.25, 0.5], "ColIndex": 3, "Height": 33.375, "InlineAlign": "Start", "RowIndex": 0, "Width": 60}}, {"Bounds": [483.4100036621094, 443.033203125, 530.1510314941406, 452.4882354736328], "ClipBounds": [483.4100036621094, 443.033203125, 530.1510314941406, 452.4882354736328], "Font": {"alt_family_name": "Arial", "embedded": true, "encoding": "WinAnsiEncoding", "family_name": "Arial", "font_type": "TrueType", "italic": false, "monospaced": false, "name": "ILWCMD+Arial-BoldMT", "subset": true, "weight": 700}, "HasClip": true, "Lang": "en", "Page": 0, "Path": "//Document/Sect[4]/Table/TR/TD[4]/P", "Text": "AMOUNT ", "TextSize": 10.080001831054688, "attributes": {"LineHeight": 12.125}}, {"Bounds": [77.447998046875, 139.41319274902344, 523.4736785888672, 416.8482360839844], "ClipBounds": [77.447998046875, 139.41319274902344, 523.4736785888672, 416.8482360839844], "Page": 0, "Path": "//Document/Sect[4]/Table[2]", "attributes": {"BBox": [71.5170999999973, 122.18699999999808, 540.9379999999946, 424.9349999999977], "NumCol": 4, "NumRow": 9, "Placement": "Block", "SpaceAfter": 18}, "filePaths": ["tables/fileoutpart2.csv", "tables/fileoutpart3.png"]}, {"Bounds": [77.447998046875, 407.39320373535156, 171.45407104492188, 416.8482360839844], "ClipBounds": [77.447998046875, 407.39320373535156, 171.45407104492188, 416.8482360839844], "Page": 0, "Path": "//Document/Sect[4]/Table[2]/TR/TD", "attributes": {"BBox": [71.5170999999973, 389.29599999998754, 358.0649999999878, 424.9349999999977], "BlockAlign": "Before", "BorderColor": [0, 0, 0], "BorderStyle": ["Double", "Solid", "Solid", "Solid"], "BorderThickness": [0.625, 0.25, 0.5, 0.25], "ColIndex": 0, "Height": 35.625, "InlineAlign": "Start", "RowIndex": 0, "Width": 286.375}}, {"Bounds": [77.447998046875, 407.39320373535156, 171.45407104492188, 416.8482360839844], "ClipBounds": [77.447998046875, 407.39320373535156, 171.45407104492188, 416.8482360839844], "Font": {"alt_family_name": "Arial", "embedded": true, "encoding": "WinAnsiEncoding", "family_name": "Arial MT", "font_type": "TrueType", "italic": false, "monospaced": false, "name": "SIUFWJ+ArialMT", "subset": true, "weight": 400}, "HasClip": true, "Lang": "en", "Page": 0, "Path": "//Document/Sect[4]/Table[2]/TR/TD/P", "Text": "Small Metal Chicken ", "TextSize": 10.080001831054688, "attributes": {"LineHeight": 12.125}}, {"Bounds": [363.82000732421875, 407.39320373535156, 378.3000030517578, 416.8482360839844], "ClipBounds": [363.82000732421875, 407.39320373535156, 378.3000030517578, 416.8482360839844], "Page": 0, "Path": "//Document/Sect[4]/Table[2]/TR/TD[2]", "attributes": {"BBox": [357.58499999999185, 389.29599999998754, 414.22299999999814, 424.9349999999977], "BlockAlign": "Before", "BorderColor": [0, 0, 0], "BorderStyle": ["Double", "Solid", "Solid", "Solid"], "BorderThickness": [0.625, 0.25, 0.25, 0.25], "ColIndex": 1, "Height": 35.625, "InlineAlign": "Start", "RowIndex": 0, "Width": 56.625}}, {"Bounds": [363.82000732421875, 407.39320373535156, 378.3000030517578, 416.8482360839844], "ClipBounds": [363.82000732421875, 407.39320373535156, 378.3000030517578, 416.8482360839844], "Font": {"alt_family_name": "Arial", "embedded": true, "encoding": "WinAnsiEncoding", "family_name": "Arial MT", "font_type": "TrueType", "italic": false, "monospaced": false, "name": "SIUFWJ+ArialMT", "subset": true, "weight": 400}, "HasClip": true, "Lang": "en", "Page": 0, "Path": "//Document/Sect[4]/Table[2]/TR/TD[2]/P", "Text": "42 ", "TextSize": 10.080001831054688, "attributes": {"LineHeight": 12.125}}, {"Bounds": [420.3800048828125, 407.39320373535156, 434.86000061035156, 416.8482360839844], "ClipBounds": [420.3800048828125, 407.39320373535156, 434.86000061035156, 416.8482360839844], "Page": 0, "Path": "//Document/Sect[4]/Table[2]/TR/TD[3]", "attributes": {"BBox": [413.74299999998766, 389.29599999998754, 481.8999999999942, 424.9349999999977], "BlockAlign": "Before", "BorderColor": [0, 0, 0], "BorderStyle": ["Double", "Solid", "Solid", "Solid"], "BorderThickness": [0.625, 0.25, 0.25, 0.25], "ColIndex": 2, "Height": 35.625, "InlineAlign": "Start", "RowIndex": 0, "Width": 68.125}}, {"Bounds": [420.3800048828125, 407.39320373535156, 434.86000061035156, 416.8482360839844], "ClipBounds": [420.3800048828125, 407.39320373535156, 434.86000061035156, 416.8482360839844], "Font": {"alt_family_name": "Arial", "embedded": true, "encoding": "WinAnsiEncoding", "family_name": "Arial MT", "font_type": "TrueType", "italic": false, "monospaced": false, "name": "SIUFWJ+ArialMT", "subset": true, "weight": 400}, "HasClip": true, "Lang": "en", "Page": 0, "Path": "//Document/Sect[4]/Table[2]/TR/TD[3]/P", "Text": "21 ", "TextSize": 10.080001831054688, "attributes": {"LineHeight": 12.125}}, {"Bounds": [487.00999450683594, 407.39320373535156, 512.3251953125, 416.8482360839844], "ClipBounds": [487.00999450683594, 407.39320373535156, 512.3251953125, 416.8482360839844], "Page": 0, "Path": "//Document/Sect[4]/Table[2]/TR/TD[4]", "attributes": {"BBox": [481.41999999999825, 389.29599999998754, 541.417999999976, 424.9349999999977], "BlockAlign": "Before", "BorderColor": [0, 0, 0], "BorderStyle": ["Double", "Solid", "Solid", "Solid"], "BorderThickness": [0.625, 0.25, 0.25, 0.5], "ColIndex": 3, "Height": 35.625, "InlineAlign": "Start", "RowIndex": 0, "Width": 60}}, {"Bounds": [487.00999450683594, 407.39320373535156, 512.3251953125, 416.8482360839844], "ClipBounds": [487.00999450683594, 407.39320373535156, 512.3251953125, 416.8482360839844], "Font": {"alt_family_name": "Arial", "embedded": true, "encoding": "WinAnsiEncoding", "family_name": "Arial MT", "font_type": "TrueType", "italic": false, "monospaced": false, "name": "SIUFWJ+ArialMT", "subset": true, "weight": 400}, "HasClip": true, "Lang": "en", "Page": 0, "Path": "//Document/Sect[4]/Table[2]/TR/TD[4]/P", "Text": "$882 ", "TextSize": 10.080001831054688, "attributes": {"LineHeight": 12.125}}, {"Bounds": [77.447998046875, 373.89320373535156, 190.64639282226562, 383.3482360839844], "ClipBounds": [77.447998046875, 373.89320373535156, 190.64639282226562, 383.3482360839844], "Page": 0, "Path": "//Document/Sect[4]/Table[2]/TR[2]/TD", "attributes": {"BBox": [71.5170999999973, 356.1779999999999, 358.0649999999878, 389.775999999998], "BlockAlign": "Before", "BorderColor": [0, 0, 0], "BorderStyle": "Solid", "BorderThickness": [0.25, 0.25, 0.5, 0.25], "ColIndex": 0, "Height": 33.625, "InlineAlign": "Start", "RowIndex": 1, "Width": 286.375}}, {"Bounds": [77.447998046875, 373.89320373535156, 190.64639282226562, 383.3482360839844], "ClipBounds": [77.447998046875, 373.89320373535156, 190.64639282226562, 383.3482360839844], "Font": {"alt_family_name": "Arial", "embedded": true, "encoding": "WinAnsiEncoding", "family_name": "Arial MT", "font_type": "TrueType", "italic": false, "monospaced": false, "name": "SIUFWJ+ArialMT", "subset": true, "weight": 400}, "HasClip": true, "Lang": "en", "Page": 0, "Path": "//Document/Sect[4]/Table[2]/TR[2]/TD/P", "Text": "Refined Fresh Sausages ", "TextSize": 10.080001831054688, "attributes": {"LineHeight": 12.125}}, {"Bounds": [363.82000732421875, 373.89320373535156, 378.3000030517578, 383.3482360839844], "ClipBounds": [363.82000732421875, 373.89320373535156, 378.3000030517578, 383.3482360839844], "Page": 0, "Path": "//Document/Sect[4]/Table[2]/TR[2]/TD[2]", "attributes": {"BBox": [357.58499999999185, 356.1779999999999, 414.22299999999814, 389.775999999998], "BlockAlign": "Before", "BorderColor": [0, 0, 0], "BorderStyle": "Solid", "BorderThickness": 0.25, "ColIndex": 1, "Height": 33.625, "InlineAlign": "Start", "RowIndex": 1, "Width": 56.625}}, {"Bounds": [363.82000732421875, 373.89320373535156, 378.3000030517578, 383.3482360839844], "ClipBounds": [363.82000732421875, 373.89320373535156, 378.3000030517578, 383.3482360839844], "Font": {"alt_family_name": "Arial", "embedded": true, "encoding": "WinAnsiEncoding", "family_name": "Arial MT", "font_type": "TrueType", "italic": false, "monospaced": false, "name": "SIUFWJ+ArialMT", "subset": true, "weight": 400}, "HasClip": true, "Lang": "en", "Page": 0, "Path": "//Document/Sect[4]/Table[2]/TR[2]/TD[2]/P", "Text": "58 ", "TextSize": 10.080001831054688, "attributes": {"LineHeight": 12.125}}, {"Bounds": [420.3800048828125, 373.89320373535156, 434.86000061035156, 383.3482360839844], "ClipBounds": [420.3800048828125, 373.89320373535156, 434.86000061035156, 383.3482360839844], "Page": 0, "Path": "//Document/Sect[4]/Table[2]/TR[2]/TD[3]", "attributes": {"BBox": [413.74299999998766, 356.1779999999999, 481.8999999999942, 389.775999999998], "BlockAlign": "Before", "BorderColor": [0, 0, 0], "BorderStyle": "Solid", "BorderThickness": 0.25, "ColIndex": 2, "Height": 33.625, "InlineAlign": "Start", "RowIndex": 1, "Width": 68.125}}, {"Bounds": [420.3800048828125, 373.89320373535156, 434.86000061035156, 383.3482360839844], "ClipBounds": [420.3800048828125, 373.89320373535156, 434.86000061035156, 383.3482360839844], "Font": {"alt_family_name": "Arial", "embedded": true, "encoding": "WinAnsiEncoding", "family_name": "Arial MT", "font_type": "TrueType", "italic": false, "monospaced": false, "name": "SIUFWJ+ArialMT", "subset": true, "weight": 400}, "HasClip": true, "Lang": "en", "Page": 0, "Path": "//Document/Sect[4]/Table[2]/TR[2]/TD[3]/P", "Text": "81 ", "TextSize": 10.080001831054688, "attributes": {"LineHeight": 12.125}}, {"Bounds": [487.00999450683594, 373.89320373535156, 517.7280731201172, 383.3482360839844], "ClipBounds": [487.00999450683594, 373.89320373535156, 517.7280731201172, 383.3482360839844], "Page": 0, "Path": "//Document/Sect[4]/Table[2]/TR[2]/TD[4]", "attributes": {"BBox": [481.41999999999825, 356.1779999999999, 541.417999999976, 389.775999999998], "BlockAlign": "Before", "BorderColor": [0, 0, 0], "BorderStyle": "Solid", "BorderThickness": [0.25, 0.25, 0.25, 0.5], "ColIndex": 3, "Height": 33.625, "InlineAlign": "Start", "RowIndex": 1, "Width": 60}}, {"Bounds": [487.00999450683594, 373.89320373535156, 517.7280731201172, 383.3482360839844], "ClipBounds": [487.00999450683594, 373.89320373535156, 517.7280731201172, 383.3482360839844], "Font": {"alt_family_name": "Arial", "embedded": true, "encoding": "WinAnsiEncoding", "family_name": "Arial MT", "font_type": "TrueType", "italic": false, "monospaced": false, "name": "SIUFWJ+ArialMT", "subset": true, "weight": 400}, "HasClip": true, "Lang": "en", "Page": 0, "Path": "//Document/Sect[4]/Table[2]/TR[2]/TD[4]/P", "Text": "$4698 ", "TextSize": 10.080001831054688, "attributes": {"LineHeight": 12.125}}, {"Bounds": [77.447998046875, 340.38319396972656, 160.08383178710938, 349.83824157714844], "ClipBounds": [77.447998046875, 340.38319396972656, 160.08383178710938, 349.83824157714844], "Page": 0, "Path": "//Document/Sect[4]/Table[2]/TR[3]/TD", "attributes": {"BBox": [71.5170999999973, 323.05899999999383, 358.0649999999878, 356.6579999999958], "BlockAlign": "Before", "BorderColor": [0, 0, 0], "BorderStyle": "Solid", "BorderThickness": [0.25, 0.25, 0.5, 0.25], "ColIndex": 0, "Height": 33.625, "InlineAlign": "Start", "RowIndex": 2, "Width": 286.375}}, {"Bounds": [77.447998046875, 340.38319396972656, 160.08383178710938, 349.83824157714844], "ClipBounds": [77.447998046875, 340.38319396972656, 160.08383178710938, 349.83824157714844], "Font": {"alt_family_name": "Arial", "embedded": true, "encoding": "WinAnsiEncoding", "family_name": "Arial MT", "font_type": "TrueType", "italic": false, "monospaced": false, "name": "SIUFWJ+ArialMT", "subset": true, "weight": 400}, "HasClip": true, "Lang": "en", "Page": 0, "Path": "//Document/Sect[4]/Table[2]/TR[3]/TD/P", "Text": "Rustic Soft Shoes ", "TextSize": 10.080001831054688, "attributes": {"LineHeight": 12.125}}, {"Bounds": [363.82000732421875, 340.38319396972656, 378.3000030517578, 349.83824157714844], "ClipBounds": [363.82000732421875, 340.38319396972656, 378.3000030517578, 349.83824157714844], "Page": 0, "Path": "//Document/Sect[4]/Table[2]/TR[3]/TD[2]", "attributes": {"BBox": [357.58499999999185, 323.05899999999383, 414.22299999999814, 356.6579999999958], "BlockAlign": "Before", "BorderColor": [0, 0, 0], "BorderStyle": "Solid", "BorderThickness": 0.25, "ColIndex": 1, "Height": 33.625, "InlineAlign": "Start", "RowIndex": 2, "Width": 56.625}}, {"Bounds": [363.82000732421875, 340.38319396972656, 378.3000030517578, 349.83824157714844], "ClipBounds": [363.82000732421875, 340.38319396972656, 378.3000030517578, 349.83824157714844], "Font": {"alt_family_name": "Arial", "embedded": true, "encoding": "WinAnsiEncoding", "family_name": "Arial MT", "font_type": "TrueType", "italic": false, "monospaced": false, "name": "SIUFWJ+ArialMT", "subset": true, "weight": 400}, "HasClip": true, "Lang": "en", "Page": 0, "Path": "//Document/Sect[4]/Table[2]/TR[3]/TD[2]/P", "Text": "97 ", "TextSize": 10.080001831054688, "attributes": {"LineHeight": 12.125}}, {"Bounds": [420.3800048828125, 340.38319396972656, 434.86000061035156, 349.83824157714844], "ClipBounds": [420.3800048828125, 340.38319396972656, 434.86000061035156, 349.83824157714844], "Page": 0, "Path": "//Document/Sect[4]/Table[2]/TR[3]/TD[3]", "attributes": {"BBox": [413.74299999998766, 323.05899999999383, 481.8999999999942, 356.6579999999958], "BlockAlign": "Before", "BorderColor": [0, 0, 0], "BorderStyle": "Solid", "BorderThickness": 0.25, "ColIndex": 2, "Height": 33.625, "InlineAlign": "Start", "RowIndex": 2, "Width": 68.125}}, {"Bounds": [420.3800048828125, 340.38319396972656, 434.86000061035156, 349.83824157714844], "ClipBounds": [420.3800048828125, 340.38319396972656, 434.86000061035156, 349.83824157714844], "Font": {"alt_family_name": "Arial", "embedded": true, "encoding": "WinAnsiEncoding", "family_name": "Arial MT", "font_type": "TrueType", "italic": false, "monospaced": false, "name": "SIUFWJ+ArialMT", "subset": true, "weight": 400}, "HasClip": true, "Lang": "en", "Page": 0, "Path": "//Document/Sect[4]/Table[2]/TR[3]/TD[3]/P", "Text": "60 ", "TextSize": 10.080001831054688, "attributes": {"LineHeight": 12.125}}, {"Bounds": [487.00999450683594, 340.38319396972656, 517.7280731201172, 349.83824157714844], "ClipBounds": [487.00999450683594, 340.38319396972656, 517.7280731201172, 349.83824157714844], "Page": 0, "Path": "//Document/Sect[4]/Table[2]/TR[3]/TD[4]", "attributes": {"BBox": [481.41999999999825, 323.05899999999383, 541.417999999976, 356.6579999999958], "BlockAlign": "Before", "BorderColor": [0, 0, 0], "BorderStyle": "Solid", "BorderThickness": [0.25, 0.25, 0.25, 0.5], "ColIndex": 3, "Height": 33.625, "InlineAlign": "Start", "RowIndex": 2, "Width": 60}}, {"Bounds": [487.00999450683594, 340.38319396972656, 517.7280731201172, 349.83824157714844], "ClipBounds": [487.00999450683594, 340.38319396972656, 517.7280731201172, 349.83824157714844], "Font": {"alt_family_name": "Arial", "embedded": true, "encoding": "WinAnsiEncoding", "family_name": "Arial MT", "font_type": "TrueType", "italic": false, "monospaced": false, "name": "SIUFWJ+ArialMT", "subset": true, "weight": 400}, "HasClip": true, "Lang": "en", "Page": 0, "Path": "//Document/Sect[4]/Table[2]/TR[3]/TD[4]/P", "Text": "$5820 ", "TextSize": 10.080001831054688, "attributes": {"LineHeight": 12.125}}, {"Bounds": [77.447998046875, 306.9031982421875, 164.9927978515625, 316.3582458496094], "ClipBounds": [77.447998046875, 306.9031982421875, 164.9927978515625, 316.3582458496094], "Page": 0, "Path": "//Document/Sect[4]/Table[2]/TR[4]/TD", "attributes": {"BBox": [71.5170999999973, 289.9399999999878, 358.0649999999878, 323.53899999998976], "BlockAlign": "Before", "BorderColor": [0, 0, 0], "BorderStyle": "Solid", "BorderThickness": [0.25, 0.25, 0.5, 0.25], "ColIndex": 0, "Height": 33.625, "InlineAlign": "Start", "RowIndex": 3, "Width": 286.375}}, {"Bounds": [77.447998046875, 306.9031982421875, 164.9927978515625, 316.3582458496094], "ClipBounds": [77.447998046875, 306.9031982421875, 164.9927978515625, 316.3582458496094], "Font": {"alt_family_name": "Arial", "embedded": true, "encoding": "WinAnsiEncoding", "family_name": "Arial MT", "font_type": "TrueType", "italic": false, "monospaced": false, "name": "SIUFWJ+ArialMT", "subset": true, "weight": 400}, "HasClip": true, "Lang": "en", "Page": 0, "Path": "//Document/Sect[4]/Table[2]/TR[4]/TD/P", "Text": "Sleek Cotton Pizza ", "TextSize": 10.080001831054688, "attributes": {"LineHeight": 12.125}}, {"Bounds": [363.82000732421875, 306.9031982421875, 378.3000030517578, 316.3582458496094], "ClipBounds": [363.82000732421875, 306.9031982421875, 378.3000030517578, 316.3582458496094], "Page": 0, "Path": "//Document/Sect[4]/Table[2]/TR[4]/TD[2]", "attributes": {"BBox": [357.58499999999185, 289.9399999999878, 414.22299999999814, 323.53899999998976], "BlockAlign": "Before", "BorderColor": [0, 0, 0], "BorderStyle": "Solid", "BorderThickness": 0.25, "ColIndex": 1, "Height": 33.625, "InlineAlign": "Start", "RowIndex": 3, "Width": 56.625}}, {"Bounds": [363.82000732421875, 306.9031982421875, 378.3000030517578, 316.3582458496094], "ClipBounds": [363.82000732421875, 306.9031982421875, 378.3000030517578, 316.3582458496094], "Font": {"alt_family_name": "Arial", "embedded": true, "encoding": "WinAnsiEncoding", "family_name": "Arial MT", "font_type": "TrueType", "italic": false, "monospaced": false, "name": "SIUFWJ+ArialMT", "subset": true, "weight": 400}, "HasClip": true, "Lang": "en", "Page": 0, "Path": "//Document/Sect[4]/Table[2]/TR[4]/TD[2]/P", "Text": "85 ", "TextSize": 10.080001831054688, "attributes": {"LineHeight": 12.125}}, {"Bounds": [420.3800048828125, 306.9031982421875, 434.86000061035156, 316.3582458496094], "ClipBounds": [420.3800048828125, 306.9031982421875, 434.86000061035156, 316.3582458496094], "Page": 0, "Path": "//Document/Sect[4]/Table[2]/TR[4]/TD[3]", "attributes": {"BBox": [413.74299999998766, 289.9399999999878, 481.8999999999942, 323.53899999998976], "BlockAlign": "Before", "BorderColor": [0, 0, 0], "BorderStyle": "Solid", "BorderThickness": 0.25, "ColIndex": 2, "Height": 33.625, "InlineAlign": "Start", "RowIndex": 3, "Width": 68.125}}, {"Bounds": [420.3800048828125, 306.9031982421875, 434.86000061035156, 316.3582458496094], "ClipBounds": [420.3800048828125, 306.9031982421875, 434.86000061035156, 316.3582458496094], "Font": {"alt_family_name": "Arial", "embedded": true, "encoding": "WinAnsiEncoding", "family_name": "Arial MT", "font_type": "TrueType", "italic": false, "monospaced": false, "name": "SIUFWJ+ArialMT", "subset": true, "weight": 400}, "HasClip": true, "Lang": "en", "Page": 0, "Path": "//Document/Sect[4]/Table[2]/TR[4]/TD[3]/P", "Text": "43 ", "TextSize": 10.080001831054688, "attributes": {"LineHeight": 12.125}}, {"Bounds": [487.00999450683594, 306.9031982421875, 517.7280731201172, 316.3582458496094], "ClipBounds": [487.00999450683594, 306.9031982421875, 517.7280731201172, 316.3582458496094], "Page": 0, "Path": "//Document/Sect[4]/Table[2]/TR[4]/TD[4]", "attributes": {"BBox": [481.41999999999825, 289.9399999999878, 541.417999999976, 323.53899999998976], "BlockAlign": "Before", "BorderColor": [0, 0, 0], "BorderStyle": "Solid", "BorderThickness": [0.25, 0.25, 0.25, 0.5], "ColIndex": 3, "Height": 33.625, "InlineAlign": "Start", "RowIndex": 3, "Width": 60}}, {"Bounds": [487.00999450683594, 306.9031982421875, 517.7280731201172, 316.3582458496094], "ClipBounds": [487.00999450683594, 306.9031982421875, 517.7280731201172, 316.3582458496094], "Font": {"alt_family_name": "Arial", "embedded": true, "encoding": "WinAnsiEncoding", "family_name": "Arial MT", "font_type": "TrueType", "italic": false, "monospaced": false, "name": "SIUFWJ+ArialMT", "subset": true, "weight": 400}, "HasClip": true, "Lang": "en", "Page": 0, "Path": "//Document/Sect[4]/Table[2]/TR[4]/TD[4]/P", "Text": "$3655 ", "TextSize": 10.080001831054688, "attributes": {"LineHeight": 12.125}}, {"Bounds": [77.447998046875, 273.4031982421875, 180.86880493164062, 282.8582458496094], "ClipBounds": [77.447998046875, 273.4031982421875, 180.86880493164062, 282.8582458496094], "Page": 0, "Path": "//Document/Sect[4]/Table[2]/TR[5]/TD", "attributes": {"BBox": [71.5170999999973, 256.10199999999895, 358.0649999999878, 290.41999999999825], "BlockAlign": "Before", "BorderColor": [0, 0, 0], "BorderStyle": "Solid", "BorderThickness": [0.25, 0.25, 0.5, 0.25], "ColIndex": 0, "Height": 34.375, "InlineAlign": "Start", "RowIndex": 4, "Width": 286.375}}, {"Bounds": [77.447998046875, 273.4031982421875, 180.86880493164062, 282.8582458496094], "ClipBounds": [77.447998046875, 273.4031982421875, 180.86880493164062, 282.8582458496094], "Font": {"alt_family_name": "Arial", "embedded": true, "encoding": "WinAnsiEncoding", "family_name": "Arial MT", "font_type": "TrueType", "italic": false, "monospaced": false, "name": "SIUFWJ+ArialMT", "subset": true, "weight": 400}, "HasClip": true, "Lang": "en", "Page": 0, "Path": "//Document/Sect[4]/Table[2]/TR[5]/TD/P", "Text": "Handmade Fresh Shirt ", "TextSize": 10.080001831054688, "attributes": {"LineHeight": 12.125}}, {"Bounds": [363.82000732421875, 273.4031982421875, 378.3000030517578, 282.8582458496094], "ClipBounds": [363.82000732421875, 273.4031982421875, 378.3000030517578, 282.8582458496094], "Page": 0, "Path": "//Document/Sect[4]/Table[2]/TR[5]/TD[2]", "attributes": {"BBox": [357.58499999999185, 256.10199999999895, 414.22299999999814, 290.41999999999825], "BlockAlign": "Before", "BorderColor": [0, 0, 0], "BorderStyle": "Solid", "BorderThickness": 0.25, "ColIndex": 1, "Height": 34.375, "InlineAlign": "Start", "RowIndex": 4, "Width": 56.625}}, {"Bounds": [363.82000732421875, 273.4031982421875, 378.3000030517578, 282.8582458496094], "ClipBounds": [363.82000732421875, 273.4031982421875, 378.3000030517578, 282.8582458496094], "Font": {"alt_family_name": "Arial", "embedded": true, "encoding": "WinAnsiEncoding", "family_name": "Arial MT", "font_type": "TrueType", "italic": false, "monospaced": false, "name": "SIUFWJ+ArialMT", "subset": true, "weight": 400}, "HasClip": true, "Lang": "en", "Page": 0, "Path": "//Document/Sect[4]/Table[2]/TR[5]/TD[2]/P", "Text": "19 ", "TextSize": 10.080001831054688, "attributes": {"LineHeight": 12.125}}, {"Bounds": [420.3800048828125, 273.4031982421875, 434.86000061035156, 282.8582458496094], "ClipBounds": [420.3800048828125, 273.4031982421875, 434.86000061035156, 282.8582458496094], "Page": 0, "Path": "//Document/Sect[4]/Table[2]/TR[5]/TD[3]", "attributes": {"BBox": [413.74299999998766, 256.10199999999895, 481.8999999999942, 290.41999999999825], "BlockAlign": "Before", "BorderColor": [0, 0, 0], "BorderStyle": "Solid", "BorderThickness": 0.25, "ColIndex": 2, "Height": 34.375, "InlineAlign": "Start", "RowIndex": 4, "Width": 68.125}}, {"Bounds": [420.3800048828125, 273.4031982421875, 434.86000061035156, 282.8582458496094], "ClipBounds": [420.3800048828125, 273.4031982421875, 434.86000061035156, 282.8582458496094], "Font": {"alt_family_name": "Arial", "embedded": true, "encoding": "WinAnsiEncoding", "family_name": "Arial MT", "font_type": "TrueType", "italic": false, "monospaced": false, "name": "SIUFWJ+ArialMT", "subset": true, "weight": 400}, "HasClip": true, "Lang": "en", "Page": 0, "Path": "//Document/Sect[4]/Table[2]/TR[5]/TD[3]/P", "Text": "65 ", "TextSize": 10.080001831054688, "attributes": {"LineHeight": 12.125}}, {"Bounds": [487.00999450683594, 273.4031982421875, 517.7280731201172, 282.8582458496094], "ClipBounds": [487.00999450683594, 273.4031982421875, 517.7280731201172, 282.8582458496094], "Page": 0, "Path": "//Document/Sect[4]/Table[2]/TR[5]/TD[4]", "attributes": {"BBox": [481.41999999999825, 256.10199999999895, 541.417999999976, 290.41999999999825], "BlockAlign": "Before", "BorderColor": [0, 0, 0], "BorderStyle": "Solid", "BorderThickness": [0.25, 0.25, 0.25, 0.5], "ColIndex": 3, "Height": 34.375, "InlineAlign": "Start", "RowIndex": 4, "Width": 60}}, {"Bounds": [487.00999450683594, 273.4031982421875, 517.7280731201172, 282.8582458496094], "ClipBounds": [487.00999450683594, 273.4031982421875, 517.7280731201172, 282.8582458496094], "Font": {"alt_family_name": "Arial", "embedded": true, "encoding": "WinAnsiEncoding", "family_name": "Arial MT", "font_type": "TrueType", "italic": false, "monospaced": false, "name": "SIUFWJ+ArialMT", "subset": true, "weight": 400}, "HasClip": true, "Lang": "en", "Page": 0, "Path": "//Document/Sect[4]/Table[2]/TR[5]/TD[4]/P", "Text": "$1235 ", "TextSize": 10.080001831054688, "attributes": {"LineHeight": 12.125}}, {"Bounds": [77.447998046875, 239.9031982421875, 185.82815551757812, 249.35824584960938], "ClipBounds": [77.447998046875, 239.9031982421875, 185.82815551757812, 249.35824584960938], "Page": 0, "Path": "//Document/Sect[4]/Table[2]/TR[6]/TD", "attributes": {"BBox": [71.5170999999973, 222.9829999999929, 358.0649999999878, 256.5819999999949], "BlockAlign": "Before", "BorderColor": [0, 0, 0], "BorderStyle": "Solid", "BorderThickness": [0.25, 0.25, 0.5, 0.25], "ColIndex": 0, "Height": 33.625, "InlineAlign": "Start", "RowIndex": 5, "Width": 286.375}}, {"Bounds": [77.447998046875, 239.9031982421875, 185.82815551757812, 249.35824584960938], "ClipBounds": [77.447998046875, 239.9031982421875, 185.82815551757812, 249.35824584960938], "Font": {"alt_family_name": "Arial", "embedded": true, "encoding": "WinAnsiEncoding", "family_name": "Arial MT", "font_type": "TrueType", "italic": false, "monospaced": false, "name": "SIUFWJ+ArialMT", "subset": true, "weight": 400}, "HasClip": true, "Lang": "en", "Page": 0, "Path": "//Document/Sect[4]/Table[2]/TR[6]/TD/P", "Text": "Generic Concrete Pizza ", "TextSize": 10.080001831054688, "attributes": {"LineHeight": 12.125}}, {"Bounds": [363.82000732421875, 239.9031982421875, 378.3000030517578, 249.35824584960938], "ClipBounds": [363.82000732421875, 239.9031982421875, 378.3000030517578, 249.35824584960938], "Page": 0, "Path": "//Document/Sect[4]/Table[2]/TR[6]/TD[2]", "attributes": {"BBox": [357.58499999999185, 222.9829999999929, 414.22299999999814, 256.5819999999949], "BlockAlign": "Before", "BorderColor": [0, 0, 0], "BorderStyle": "Solid", "BorderThickness": 0.25, "ColIndex": 1, "Height": 33.625, "InlineAlign": "Start", "RowIndex": 5, "Width": 56.625}}, {"Bounds": [363.82000732421875, 239.9031982421875, 378.3000030517578, 249.35824584960938], "ClipBounds": [363.82000732421875, 239.9031982421875, 378.3000030517578, 249.35824584960938], "Font": {"alt_family_name": "Arial", "embedded": true, "encoding": "WinAnsiEncoding", "family_name": "Arial MT", "font_type": "TrueType", "italic": false, "monospaced": false, "name": "SIUFWJ+ArialMT", "subset": true, "weight": 400}, "HasClip": true, "Lang": "en", "Page": 0, "Path": "//Document/Sect[4]/Table[2]/TR[6]/TD[2]/P", "Text": "85 ", "TextSize": 10.080001831054688, "attributes": {"LineHeight": 12.125}}, {"Bounds": [420.3800048828125, 239.9031982421875, 434.86000061035156, 249.35824584960938], "ClipBounds": [420.3800048828125, 239.9031982421875, 434.86000061035156, 249.35824584960938], "Page": 0, "Path": "//Document/Sect[4]/Table[2]/TR[6]/TD[3]", "attributes": {"BBox": [413.74299999998766, 222.9829999999929, 481.8999999999942, 256.5819999999949], "BlockAlign": "Before", "BorderColor": [0, 0, 0], "BorderStyle": "Solid", "BorderThickness": 0.25, "ColIndex": 2, "Height": 33.625, "InlineAlign": "Start", "RowIndex": 5, "Width": 68.125}}, {"Bounds": [420.3800048828125, 239.9031982421875, 434.86000061035156, 249.35824584960938], "ClipBounds": [420.3800048828125, 239.9031982421875, 434.86000061035156, 249.35824584960938], "Font": {"alt_family_name": "Arial", "embedded": true, "encoding": "WinAnsiEncoding", "family_name": "Arial MT", "font_type": "TrueType", "italic": false, "monospaced": false, "name": "SIUFWJ+ArialMT", "subset": true, "weight": 400}, "HasClip": true, "Lang": "en", "Page": 0, "Path": "//Document/Sect[4]/Table[2]/TR[6]/TD[3]/P", "Text": "66 ", "TextSize": 10.080001831054688, "attributes": {"LineHeight": 12.125}}, {"Bounds": [487.00999450683594, 239.9031982421875, 517.7280731201172, 249.35824584960938], "ClipBounds": [487.00999450683594, 239.9031982421875, 517.7280731201172, 249.35824584960938], "Page": 0, "Path": "//Document/Sect[4]/Table[2]/TR[6]/TD[4]", "attributes": {"BBox": [481.41999999999825, 222.9829999999929, 541.417999999976, 256.5819999999949], "BlockAlign": "Before", "BorderColor": [0, 0, 0], "BorderStyle": "Solid", "BorderThickness": [0.25, 0.25, 0.25, 0.5], "ColIndex": 3, "Height": 33.625, "InlineAlign": "Start", "RowIndex": 5, "Width": 60}}, {"Bounds": [487.00999450683594, 239.9031982421875, 517.7280731201172, 249.35824584960938], "ClipBounds": [487.00999450683594, 239.9031982421875, 517.7280731201172, 249.35824584960938], "Font": {"alt_family_name": "Arial", "embedded": true, "encoding": "WinAnsiEncoding", "family_name": "Arial MT", "font_type": "TrueType", "italic": false, "monospaced": false, "name": "SIUFWJ+ArialMT", "subset": true, "weight": 400}, "HasClip": true, "Lang": "en", "Page": 0, "Path": "//Document/Sect[4]/Table[2]/TR[6]/TD[4]/P", "Text": "$5610 ", "TextSize": 10.080001831054688, "attributes": {"LineHeight": 12.125}}, {"Bounds": [77.447998046875, 206.42320251464844, 192.09791564941406, 215.87823486328125], "ClipBounds": [77.447998046875, 206.42320251464844, 192.09791564941406, 215.87823486328125], "Page": 0, "Path": "//Document/Sect[4]/Table[2]/TR[7]/TD", "attributes": {"BBox": [71.5170999999973, 189.86499999999796, 358.0649999999878, 223.4629999999961], "BlockAlign": "Before", "BorderColor": [0, 0, 0], "BorderStyle": "Solid", "BorderThickness": [0.25, 0.25, 0.5, 0.25], "ColIndex": 0, "Height": 33.625, "InlineAlign": "Start", "RowIndex": 6, "Width": 286.375}}, {"Bounds": [77.447998046875, 206.42320251464844, 192.09791564941406, 215.87823486328125], "ClipBounds": [77.447998046875, 206.42320251464844, 192.09791564941406, 215.87823486328125], "Font": {"alt_family_name": "Arial", "embedded": true, "encoding": "WinAnsiEncoding", "family_name": "Arial MT", "font_type": "TrueType", "italic": false, "monospaced": false, "name": "SIUFWJ+ArialMT", "subset": true, "weight": 400}, "HasClip": true, "Lang": "en", "Page": 0, "Path": "//Document/Sect[4]/Table[2]/TR[7]/TD/P", "Text": "Ergonomic Granite Pants ", "TextSize": 10.080001831054688, "attributes": {"LineHeight": 12.125}}, {"Bounds": [363.82000732421875, 206.42320251464844, 378.3000030517578, 215.87823486328125], "ClipBounds": [363.82000732421875, 206.42320251464844, 378.3000030517578, 215.87823486328125], "Page": 0, "Path": "//Document/Sect[4]/Table[2]/TR[7]/TD[2]", "attributes": {"BBox": [357.58499999999185, 189.86499999999796, 414.22299999999814, 223.4629999999961], "BlockAlign": "Before", "BorderColor": [0, 0, 0], "BorderStyle": "Solid", "BorderThickness": 0.25, "ColIndex": 1, "Height": 33.625, "InlineAlign": "Start", "RowIndex": 6, "Width": 56.625}}, {"Bounds": [363.82000732421875, 206.42320251464844, 378.3000030517578, 215.87823486328125], "ClipBounds": [363.82000732421875, 206.42320251464844, 378.3000030517578, 215.87823486328125], "Font": {"alt_family_name": "Arial", "embedded": true, "encoding": "WinAnsiEncoding", "family_name": "Arial MT", "font_type": "TrueType", "italic": false, "monospaced": false, "name": "SIUFWJ+ArialMT", "subset": true, "weight": 400}, "HasClip": true, "Lang": "en", "Page": 0, "Path": "//Document/Sect[4]/Table[2]/TR[7]/TD[2]/P", "Text": "47 ", "TextSize": 10.080001831054688, "attributes": {"LineHeight": 12.125}}, {"Bounds": [420.3800048828125, 206.42320251464844, 434.86000061035156, 215.87823486328125], "ClipBounds": [420.3800048828125, 206.42320251464844, 434.86000061035156, 215.87823486328125], "Page": 0, "Path": "//Document/Sect[4]/Table[2]/TR[7]/TD[3]", "attributes": {"BBox": [413.74299999998766, 189.86499999999796, 481.8999999999942, 223.4629999999961], "BlockAlign": "Before", "BorderColor": [0, 0, 0], "BorderStyle": "Solid", "BorderThickness": 0.25, "ColIndex": 2, "Height": 33.625, "InlineAlign": "Start", "RowIndex": 6, "Width": 68.125}}, {"Bounds": [420.3800048828125, 206.42320251464844, 434.86000061035156, 215.87823486328125], "ClipBounds": [420.3800048828125, 206.42320251464844, 434.86000061035156, 215.87823486328125], "Font": {"alt_family_name": "Arial", "embedded": true, "encoding": "WinAnsiEncoding", "family_name": "Arial MT", "font_type": "TrueType", "italic": false, "monospaced": false, "name": "SIUFWJ+ArialMT", "subset": true, "weight": 400}, "HasClip": true, "Lang": "en", "Page": 0, "Path": "//Document/Sect[4]/Table[2]/TR[7]/TD[3]/P", "Text": "51 ", "TextSize": 10.080001831054688, "attributes": {"LineHeight": 12.125}}, {"Bounds": [487.00999450683594, 206.42320251464844, 517.7280731201172, 215.87823486328125], "ClipBounds": [487.00999450683594, 206.42320251464844, 517.7280731201172, 215.87823486328125], "Page": 0, "Path": "//Document/Sect[4]/Table[2]/TR[7]/TD[4]", "attributes": {"BBox": [481.41999999999825, 189.86499999999796, 541.417999999976, 223.4629999999961], "BlockAlign": "Before", "BorderColor": [0, 0, 0], "BorderStyle": "Solid", "BorderThickness": [0.25, 0.25, 0.25, 0.5], "ColIndex": 3, "Height": 33.625, "InlineAlign": "Start", "RowIndex": 6, "Width": 60}}, {"Bounds": [487.00999450683594, 206.42320251464844, 517.7280731201172, 215.87823486328125], "ClipBounds": [487.00999450683594, 206.42320251464844, 517.7280731201172, 215.87823486328125], "Font": {"alt_family_name": "Arial", "embedded": true, "encoding": "WinAnsiEncoding", "family_name": "Arial MT", "font_type": "TrueType", "italic": false, "monospaced": false, "name": "SIUFWJ+ArialMT", "subset": true, "weight": 400}, "HasClip": true, "Lang": "en", "Page": 0, "Path": "//Document/Sect[4]/Table[2]/TR[7]/TD[4]/P", "Text": "$2397 ", "TextSize": 10.080001831054688, "attributes": {"LineHeight": 12.125}}, {"Bounds": [77.447998046875, 172.91319274902344, 184.38671875, 182.3682403564453], "ClipBounds": [77.447998046875, 172.91319274902344, 184.38671875, 182.3682403564453], "Page": 0, "Path": "//Document/Sect[4]/Table[2]/TR[8]/TD", "attributes": {"BBox": [71.5170999999973, 156.74599999999919, 358.0649999999878, 190.34399999999732], "BlockAlign": "Middle", "BorderColor": [0, 0, 0], "BorderStyle": "Solid", "BorderThickness": [0.25, 0.25, 0.5, 0.25], "ColIndex": 0, "Height": 33.625, "InlineAlign": "Start", "RowIndex": 7, "Width": 286.375}}, {"Bounds": [77.447998046875, 172.91319274902344, 184.38671875, 182.3682403564453], "ClipBounds": [77.447998046875, 172.91319274902344, 184.38671875, 182.3682403564453], "Font": {"alt_family_name": "Arial", "embedded": true, "encoding": "WinAnsiEncoding", "family_name": "Arial MT", "font_type": "TrueType", "italic": false, "monospaced": false, "name": "SIUFWJ+ArialMT", "subset": true, "weight": 400}, "HasClip": true, "Lang": "en", "Page": 0, "Path": "//Document/Sect[4]/Table[2]/TR[8]/TD/P", "Text": "Awesome Plastic Table ", "TextSize": 10.080001831054688, "attributes": {"LineHeight": 12.125}}, {"Bounds": [363.82000732421875, 172.91319274902344, 383.3751983642578, 182.3682403564453], "ClipBounds": [363.82000732421875, 172.91319274902344, 383.3751983642578, 182.3682403564453], "Page": 0, "Path": "//Document/Sect[4]/Table[2]/TR[8]/TD[2]", "attributes": {"BBox": [357.58499999999185, 156.74599999999919, 414.22299999999814, 190.34399999999732], "BlockAlign": "Middle", "BorderColor": [0, 0, 0], "BorderStyle": "Solid", "BorderThickness": 0.25, "ColIndex": 1, "Height": 33.625, "InlineAlign": "Start", "RowIndex": 7, "Width": 56.625}}, {"Bounds": [363.82000732421875, 172.91319274902344, 383.3751983642578, 182.3682403564453], "ClipBounds": [363.82000732421875, 172.91319274902344, 383.3751983642578, 182.3682403564453], "Font": {"alt_family_name": "Arial", "embedded": true, "encoding": "WinAnsiEncoding", "family_name": "Arial MT", "font_type": "TrueType", "italic": false, "monospaced": false, "name": "SIUFWJ+ArialMT", "subset": true, "weight": 400}, "HasClip": true, "Lang": "en", "Page": 0, "Path": "//Document/Sect[4]/Table[2]/TR[8]/TD[2]/P", "Text": "106 ", "TextSize": 10.080001831054688, "attributes": {"LineHeight": 12.125}}, {"Bounds": [420.3800048828125, 172.91319274902344, 434.86000061035156, 182.3682403564453], "ClipBounds": [420.3800048828125, 172.91319274902344, 434.86000061035156, 182.3682403564453], "Page": 0, "Path": "//Document/Sect[4]/Table[2]/TR[8]/TD[3]", "attributes": {"BBox": [413.74299999998766, 156.74599999999919, 481.8999999999942, 190.34399999999732], "BlockAlign": "Middle", "BorderColor": [0, 0, 0], "BorderStyle": "Solid", "BorderThickness": 0.25, "ColIndex": 2, "Height": 33.625, "InlineAlign": "Start", "RowIndex": 7, "Width": 68.125}}, {"Bounds": [420.3800048828125, 172.91319274902344, 434.86000061035156, 182.3682403564453], "ClipBounds": [420.3800048828125, 172.91319274902344, 434.86000061035156, 182.3682403564453], "Font": {"alt_family_name": "Arial", "embedded": true, "encoding": "WinAnsiEncoding", "family_name": "Arial MT", "font_type": "TrueType", "italic": false, "monospaced": false, "name": "SIUFWJ+ArialMT", "subset": true, "weight": 400}, "HasClip": true, "Lang": "en", "Page": 0, "Path": "//Document/Sect[4]/Table[2]/TR[8]/TD[3]/P", "Text": "88 ", "TextSize": 10.080001831054688, "attributes": {"LineHeight": 12.125}}, {"Bounds": [487.00999450683594, 172.91319274902344, 517.7280731201172, 182.3682403564453], "ClipBounds": [487.00999450683594, 172.91319274902344, 517.7280731201172, 182.3682403564453], "Page": 0, "Path": "//Document/Sect[4]/Table[2]/TR[8]/TD[4]", "attributes": {"BBox": [481.41999999999825, 156.74599999999919, 541.417999999976, 190.34399999999732], "BlockAlign": "Middle", "BorderColor": [0, 0, 0], "BorderStyle": "Solid", "BorderThickness": [0.25, 0.25, 0.25, 0.5], "ColIndex": 3, "Height": 33.625, "InlineAlign": "Start", "RowIndex": 7, "Width": 60}}, {"Bounds": [487.00999450683594, 172.91319274902344, 517.7280731201172, 182.3682403564453], "ClipBounds": [487.00999450683594, 172.91319274902344, 517.7280731201172, 182.3682403564453], "Font": {"alt_family_name": "Arial", "embedded": true, "encoding": "WinAnsiEncoding", "family_name": "Arial MT", "font_type": "TrueType", "italic": false, "monospaced": false, "name": "SIUFWJ+ArialMT", "subset": true, "weight": 400}, "HasClip": true, "Lang": "en", "Page": 0, "Path": "//Document/Sect[4]/Table[2]/TR[8]/TD[4]/P", "Text": "$9328 ", "TextSize": 10.080001831054688, "attributes": {"LineHeight": 12.125}}, {"Bounds": [77.447998046875, 139.41319274902344, 193.75103759765625, 148.8682403564453], "ClipBounds": [77.447998046875, 139.41319274902344, 193.75103759765625, 148.8682403564453], "Page": 0, "Path": "//Document/Sect[4]/Table[2]/TR[9]/TD", "attributes": {"BBox": [71.5170999999973, 121.58699999999953, 358.0649999999878, 157.2259999999951], "BlockAlign": "Middle", "BorderColor": [0, 0, 0], "BorderStyle": "Solid", "BorderThickness": [0.25, 0.625, 0.5, 0.25], "ColIndex": 0, "Height": 35.625, "InlineAlign": "Start", "RowIndex": 8, "Width": 286.375}}, {"Bounds": [77.447998046875, 139.41319274902344, 193.75103759765625, 148.8682403564453], "ClipBounds": [77.447998046875, 139.41319274902344, 193.75103759765625, 148.8682403564453], "Font": {"alt_family_name": "Arial", "embedded": true, "encoding": "WinAnsiEncoding", "family_name": "Arial MT", "font_type": "TrueType", "italic": false, "monospaced": false, "name": "SIUFWJ+ArialMT", "subset": true, "weight": 400}, "HasClip": true, "Lang": "en", "Page": 0, "Path": "//Document/Sect[4]/Table[2]/TR[9]/TD/P", "Text": "Awesome Plastic Cheese ", "TextSize": 10.080001831054688, "attributes": {"LineHeight": 12.125}}, {"Bounds": [363.82000732421875, 139.41319274902344, 383.3751983642578, 148.8682403564453], "ClipBounds": [363.82000732421875, 139.41319274902344, 383.3751983642578, 148.8682403564453], "Page": 0, "Path": "//Document/Sect[4]/Table[2]/TR[9]/TD[2]", "attributes": {"BBox": [357.58499999999185, 121.58699999999953, 414.22299999999814, 157.2259999999951], "BlockAlign": "Middle", "BorderColor": [0, 0, 0], "BorderStyle": "Solid", "BorderThickness": [0.25, 0.625, 0.25, 0.25], "ColIndex": 1, "Height": 35.625, "InlineAlign": "Start", "RowIndex": 8, "Width": 56.625}}, {"Bounds": [363.82000732421875, 139.41319274902344, 383.3751983642578, 148.8682403564453], "ClipBounds": [363.82000732421875, 139.41319274902344, 383.3751983642578, 148.8682403564453], "Font": {"alt_family_name": "Arial", "embedded": true, "encoding": "WinAnsiEncoding", "family_name": "Arial MT", "font_type": "TrueType", "italic": false, "monospaced": false, "name": "SIUFWJ+ArialMT", "subset": true, "weight": 400}, "HasClip": true, "Lang": "en", "Page": 0, "Path": "//Document/Sect[4]/Table[2]/TR[9]/TD[2]/P", "Text": "111 ", "TextSize": 10.080001831054688, "attributes": {"LineHeight": 12.125}}, {"Bounds": [420.3800048828125, 139.41319274902344, 434.86000061035156, 148.8682403564453], "ClipBounds": [420.3800048828125, 139.41319274902344, 434.86000061035156, 148.8682403564453], "Page": 0, "Path": "//Document/Sect[4]/Table[2]/TR[9]/TD[3]", "attributes": {"BBox": [413.74299999998766, 121.58699999999953, 481.8999999999942, 157.2259999999951], "BlockAlign": "Middle", "BorderColor": [0, 0, 0], "BorderStyle": "Solid", "BorderThickness": [0.25, 0.625, 0.25, 0.25], "ColIndex": 2, "Height": 35.625, "InlineAlign": "Start", "RowIndex": 8, "Width": 68.125}}, {"Bounds": [420.3800048828125, 139.41319274902344, 434.86000061035156, 148.8682403564453], "ClipBounds": [420.3800048828125, 139.41319274902344, 434.86000061035156, 148.8682403564453], "Font": {"alt_family_name": "Arial", "embedded": true, "encoding": "WinAnsiEncoding", "family_name": "Arial MT", "font_type": "TrueType", "italic": false, "monospaced": false, "name": "SIUFWJ+ArialMT", "subset": true, "weight": 400}, "HasClip": true, "Lang": "en", "Page": 0, "Path": "//Document/Sect[4]/Table[2]/TR[9]/TD[3]/P", "Text": "98 ", "TextSize": 10.080001831054688, "attributes": {"LineHeight": 12.125}}, {"Bounds": [487.00999450683594, 139.41319274902344, 523.4736785888672, 148.8682403564453], "ClipBounds": [487.00999450683594, 139.41319274902344, 523.4736785888672, 148.8682403564453], "Page": 0, "Path": "//Document/Sect[4]/Table[2]/TR[9]/TD[4]", "attributes": {"BBox": [481.41999999999825, 121.58699999999953, 541.417999999976, 157.2259999999951], "BlockAlign": "Middle", "BorderColor": [0, 0, 0], "BorderStyle": "Solid", "BorderThickness": [0.25, 0.625, 0.25, 0.5], "ColIndex": 3, "Height": 35.625, "InlineAlign": "Start", "RowIndex": 8, "Width": 60}}, {"Bounds": [487.00999450683594, 139.41319274902344, 523.4736785888672, 148.8682403564453], "ClipBounds": [487.00999450683594, 139.41319274902344, 523.4736785888672, 148.8682403564453], "Font": {"alt_family_name": "Arial", "embedded": true, "encoding": "WinAnsiEncoding", "family_name": "Arial MT", "font_type": "TrueType", "italic": false, "monospaced": false, "name": "SIUFWJ+ArialMT", "subset": true, "weight": 400}, "HasClip": true, "Lang": "en", "Page": 0, "Path": "//Document/Sect[4]/Table[2]/TR[9]/TD[4]/P", "Text": "$10878 ", "TextSize": 10.080001831054688, "attributes": {"LineHeight": 12.125}}, {"Bounds": [77.447998046875, 563.5700073242188, 526.1329956054688, 706.0482330322266], "ClipBounds": [77.447998046875, 563.5700073242188, 526.1329956054688, 706.0482330322266], "Page": 1, "Path": "//Document/Sect[4]/Table[3]", "attributes": {"BBox": [71.99709999999686, 563.4089999999851, 540.6979999999749, 704.4039999999804], "NumCol": 2, "NumRow": 3, "Placement": "Block", "SpaceAfter": 11.25}, "filePaths": ["tables/fileoutpart4.csv", "tables/fileoutpart5.png"]}, {"Bounds": [77.447998046875, 696.5932006835938, 120.4593505859375, 706.0482330322266], "ClipBounds": [77.447998046875, 696.5932006835938, 120.4593505859375, 706.0482330322266], "Page": 1, "Path": "//Document/Sect[4]/Table[3]/TR/TD", "attributes": {"BBox": [71.99709999999686, 679.6849999999977, 480.2199999999866, 704.4039999999804], "BlockAlign": "Before", "ColIndex": 0, "Height": 24.75, "InlineAlign": "Start", "RowIndex": 0, "Width": 408.25}}, {"Bounds": [77.447998046875, 696.5932006835938, 120.4593505859375, 706.0482330322266], "ClipBounds": [77.447998046875, 696.5932006835938, 120.4593505859375, 706.0482330322266], "Font": {"alt_family_name": "Arial", "embedded": true, "encoding": "WinAnsiEncoding", "family_name": "Arial", "font_type": "TrueType", "italic": false, "monospaced": false, "name": "ILWCMD+Arial-BoldMT", "subset": true, "weight": 700}, "HasClip": true, "Lang": "en", "Page": 1, "Path": "//Document/Sect[4]/Table[3]/TR/TD/P", "Text": "Subtotal ", "TextSize": 10.080001831054688, "attributes": {"LineHeight": 12.125}}, {"Bounds": [485.92999267578125, 696.5932006835938, 522.3792724609375, 706.0482330322266], "ClipBounds": [485.92999267578125, 696.5932006835938, 522.3792724609375, 706.0482330322266], "Page": 1, "Path": "//Document/Sect[4]/Table[3]/TR/TD[2]", "attributes": {"BBox": [480.2199999999866, 679.6849999999977, 540.6979999999749, 704.4039999999804], "BlockAlign": "Before", "ColIndex": 1, "Height": 24.75, "InlineAlign": "Start", "RowIndex": 0, "Width": 60.5}}, {"Bounds": [485.92999267578125, 696.5932006835938, 522.3792724609375, 706.0482330322266], "ClipBounds": [485.92999267578125, 696.5932006835938, 522.3792724609375, 706.0482330322266], "Font": {"alt_family_name": "Arial", "embedded": true, "encoding": "WinAnsiEncoding", "family_name": "Arial MT", "font_type": "TrueType", "italic": false, "monospaced": false, "name": "SIUFWJ+ArialMT", "subset": true, "weight": 400}, "HasClip": true, "Lang": "en", "Page": 1, "Path": "//Document/Sect[4]/Table[3]/TR/TD[2]/P", "Text": "$44503 ", "TextSize": 10.080001831054688, "attributes": {"LineHeight": 12.125}}, {"Bounds": [77.447998046875, 663.1132049560547, 109.73143005371094, 672.5682373046875], "ClipBounds": [77.447998046875, 663.1132049560547, 109.73143005371094, 672.5682373046875], "Page": 1, "Path": "//Document/Sect[4]/Table[3]/TR[2]/TD", "attributes": {"BBox": [71.99709999999686, 625.3269999999902, 480.2199999999866, 679.6849999999977], "BlockAlign": "Before", "BorderColor": [null, [0.6235349999999755, 0.6235349999999755, 0.6235349999999755], null, null], "BorderStyle": ["None", "Solid", "None", "None"], "BorderThickness": [0, 0.375, 0, 0], "ColIndex": 0, "Height": 54.375, "InlineAlign": "Start", "RowIndex": 1, "Width": 408.25}}, {"Bounds": [77.447998046875, 663.1132049560547, 109.73143005371094, 672.5682373046875], "ClipBounds": [77.447998046875, 663.1132049560547, 109.73143005371094, 672.5682373046875], "Font": {"alt_family_name": "Arial", "embedded": true, "encoding": "WinAnsiEncoding", "family_name": "Arial", "font_type": "TrueType", "italic": false, "monospaced": false, "name": "ILWCMD+Arial-BoldMT", "subset": true, "weight": 700}, "HasClip": true, "Lang": "en", "Page": 1, "Path": "//Document/Sect[4]/Table[3]/TR[2]/TD/P", "Text": "Tax % ", "TextSize": 10.080001831054688, "attributes": {"LineHeight": 12.125}}, {"Bounds": [485.92999267578125, 663.1132049560547, 500.4100036621094, 672.5682373046875], "ClipBounds": [485.92999267578125, 663.1132049560547, 500.4100036621094, 672.5682373046875], "Page": 1, "Path": "//Document/Sect[4]/Table[3]/TR[2]/TD[2]", "attributes": {"BBox": [480.2199999999866, 625.3269999999902, 540.6979999999749, 679.6849999999977], "BlockAlign": "Before", "BorderColor": [null, [0.6235349999999755, 0.6235349999999755, 0.6235349999999755], null, null], "BorderStyle": ["None", "Solid", "None", "None"], "BorderThickness": [0, 0.375, 0, 0], "ColIndex": 1, "Height": 54.375, "InlineAlign": "Start", "RowIndex": 1, "Width": 60.5}}, {"Bounds": [485.92999267578125, 663.1132049560547, 500.4100036621094, 672.5682373046875], "ClipBounds": [485.92999267578125, 663.1132049560547, 500.4100036621094, 672.5682373046875], "Font": {"alt_family_name": "Arial", "embedded": true, "encoding": "WinAnsiEncoding", "family_name": "Arial MT", "font_type": "TrueType", "italic": false, "monospaced": false, "name": "SIUFWJ+ArialMT", "subset": true, "weight": 400}, "HasClip": true, "Lang": "en", "Page": 1, "Path": "//Document/Sect[4]/Table[3]/TR[2]/TD[2]/P", "Text": "10 ", "TextSize": 10.080001831054688, "attributes": {"LineHeight": 12.125}}, {"Bounds": [77.447998046875, 565.8632049560547, 126.14447021484375, 575.3182373046875], "ClipBounds": [77.447998046875, 565.8632049560547, 126.14447021484375, 575.3182373046875], "Page": 1, "Path": "//Document/Sect[4]/Table[3]/TR[3]/TD", "attributes": {"BBox": [71.99709999999686, 563.4089999999851, 480.2199999999866, 626.1669999999867], "BlockAlign": "After", "BorderColor": [[0.6235349999999755, 0.6235349999999755, 0.6235349999999755], null, null, null], "BorderStyle": ["Solid", "None", "None", "None"], "BorderThickness": [0.375, 0, 0, 0], "ColIndex": 0, "Height": 62.75, "InlineAlign": "Start", "RowIndex": 2, "Width": 408.25}}, {"Bounds": [77.447998046875, 565.8632049560547, 126.14447021484375, 575.3182373046875], "ClipBounds": [77.447998046875, 565.8632049560547, 126.14447021484375, 575.3182373046875], "Font": {"alt_family_name": "Arial", "embedded": true, "encoding": "WinAnsiEncoding", "family_name": "Arial", "font_type": "TrueType", "italic": false, "monospaced": false, "name": "ILWCMD+Arial-BoldMT", "subset": true, "weight": 700}, "HasClip": true, "Lang": "en", "Page": 1, "Path": "//Document/Sect[4]/Table[3]/TR[3]/TD/P", "Text": "Total Due ", "TextSize": 10.080001831054688, "attributes": {"LineHeight": 12.125}}, {"Bounds": [485.92999267578125, 563.5700073242188, 526.1329956054688, 572.0119934082031], "ClipBounds": [485.92999267578125, 563.5700073242188, 526.1329956054688, 572.0119934082031], "Page": 1, "Path": "//Document/Sect[4]/Table[3]/TR[3]/TD[2]", "attributes": {"BBox": [480.2199999999866, 563.4089999999851, 540.6979999999749, 626.1669999999867], "BlockAlign": "After", "BorderColor": [[0.6235349999999755, 0.6235349999999755, 0.6235349999999755], null, null, null], "BorderStyle": ["Solid", "None", "None", "None"], "BorderThickness": [0.375, 0, 0, 0], "ColIndex": 1, "Height": 62.75, "InlineAlign": "Start", "RowIndex": 2, "Width": 60.5}}, {"Bounds": [485.92999267578125, 563.5700073242188, 526.1329956054688, 572.0119934082031], "ClipBounds": [485.92999267578125, 563.5700073242188, 526.1329956054688, 572.0119934082031], "Font": {"alt_family_name": "Arial", "embedded": true, "encoding": "WinAnsiEncoding", "family_name": "Arial MT", "font_type": "TrueType", "italic": false, "monospaced": false, "name": "SIUFWJ+ArialMT", "subset": true, "weight": 400}, "HasClip": true, "Lang": "en", "Page": 1, "Path": "//Document/Sect[4]/Table[3]/TR[3]/TD[2]/P", "Text": "$48953.3 ", "TextSize": 9.0, "attributes": {"LineHeight": 10.75}}], "pages": [{"boxes": {"CropBox": [0.0, 0.0, 612.0, 792.0], "MediaBox": [0.0, 0.0, 612.0, 792.0]}, "height": 792.0, "is_scanned": false, "page_number": 0, "rotation": 0, "width": 612.0}, {"boxes": {"CropBox": [0.0, 0.0, 612.0, 792.0], "MediaBox": [0.0, 0.0, 612.0, 792.0]}, "height": 792.0, "is_scanned": false, "page_number": 1, "rotation": 0, "width": 612.0}]}